{"cameraMode":{"drawMode":0,"name":"Shaded","section":"Shading Mode"},"sceneLighting":false,"audioPlay":false,"sceneViewState":{"m_AlwaysRefresh":false,"showFog":true,"showSkybox":false,"showFlares":true,"showImageEffects":true,"showParticleSystems":true,"showVisualEffectGraphs":true,"m_FxEnabled":true},"in2DMode":false,"pivot":{"x":1.5202035903930665,"y":3.0585765838623049,"z":1.0288180112838746},"rotation":{"x":-0.03022528626024723,"y":0.7229659557342529,"z":-0.03169313445687294,"w":-0.6894840002059937},"size":0.3059694766998291,"orthographic":false}