{"cameraMode":{"drawMode":0,"name":"Shaded","section":"Shading Mode"},"sceneLighting":false,"audioPlay":false,"sceneViewState":{"m_AlwaysRefresh":false,"showFog":true,"showSkybox":false,"showFlares":true,"showImageEffects":true,"showParticleSystems":true,"showVisualEffectGraphs":true,"m_FxEnabled":true},"in2DMode":false,"pivot":{"x":2.0467777252197267,"y":1.6581361293792725,"z":-0.20092791318893434},"rotation":{"x":-0.6927652955055237,"y":0.004087315406650305,"z":-0.004013613797724247,"w":-0.721174955368042},"size":1.376839518547058,"orthographic":false}